Harry,Diaz,hdiaz0@clickbank.net,Male
Doris,Cook,dcook1@gnu.org,Female
Christina,Ramirez,cramirez2@telegraph.co.uk,Female
Andrea,Graham,agraham3@xrea.com,Female
Kathryn,Mendoza,kmendoza4@creativecommons.org,Female
Catherine,Brown,cbrown5@chronoengine.com,Female
Cheryl,Holmes,cholmes6@umn.edu,Female
Wanda,Bennett,wbennett7@ebay.com,Female
Brian,Gordon,bgordon8@edublogs.org,Male
Anthony,Nguyen,anguyen9@vkontakte.ru,Male
Teresa,Young,tyounga@parallels.com,Female
Ryan,Duncan,rduncanb@com.com,Male
Dorothy,Henderson,dhendersonc@netscape.com,Female
Johnny,Ortiz,jortizd@fc2.com,Male
Adam,Mendoza,amendozae@howstuffworks.com,Male
Anna,Wilson,awilsonf@meetup.com,Female
George,Price,gpriceg@tamu.edu,Male
Lawrence,Bailey,lbaileyh@accuweather.com,Male
Ernest,Payne,epaynei@nih.gov,Male
Evelyn,Hunt,ehuntj@tuttocitta.it,Female
Thomas,Fox,tfoxk@sitemeter.com,Male
Larry,Cook,lcookl@mozilla.org,Male
Norma,Alexander,nalexanderm@imdb.com,Female
Keith,Morales,kmoralesn@goodreads.com,Male
Steven,Payne,spayneo@utexas.edu,Male
Christine,Allen,callenp@bravesites.com,Female
Gloria,Jackson,gjacksonq@angelfire.com,Female
Janet,Rodriguez,jrodriguezr@i2i.jp,Female
Ruth,Bowman,rbowmans@unc.edu,Female
Antonio,Kelly,akellyt@instagram.com,Male
Anne,Wagner,awagneru@cafepress.com,Female
Louis,Burton,lburtonv@istockphoto.com,Male
Paula,Coleman,pcolemanw@umich.edu,Female
Patricia,Rose,prosex@furl.net,Female
Ernest,Roberts,erobertsy@sun.com,Male
Craig,Butler,cbutlerz@earthlink.net,Male
Howard,Alexander,halexander10@springer.com,Male
Jeffrey,Reid,jreid11@wiley.com,Male
Russell,Harrison,rharrison12@people.com.cn,Male
Gerald,Harris,gharris13@cdbaby.com,Male
Patricia,Parker,pparker14@miibeian.gov.cn,Female
Sara,Thomas,sthomas15@yandex.ru,Female
Lori,Carr,lcarr16@bbc.co.uk,Female
Alice,Stephens,astephens17@livejournal.com,Female
Christine,Reid,creid18@github.com,Female
Ruth,Reyes,rreyes19@purevolume.com,Female
Eugene,Sanders,esanders1a@java.com,Male
Carl,Fox,cfox1b@youku.com,Male
Scott,Robertson,srobertson1c@wix.com,Male
Sharon,Black,sblack1d@berkeley.edu,Female
Alice,Barnes,abarnes1e@youtube.com,Female
Gloria,Nichols,gnichols1f@ehow.com,Female
Rachel,Dunn,rdunn1g@yahoo.co.jp,Female
Paula,Carpenter,pcarpenter1h@nyu.edu,Female
Sarah,Edwards,sedwards1i@domainmarket.com,Female
Sean,Andrews,sandrews1j@latimes.com,Male
Kenneth,Collins,kcollins1k@princeton.edu,Male
Kathy,Perkins,kperkins1l@uol.com.br,Female
Matthew,Dean,mdean1m@instagram.com,Male
Irene,Freeman,ifreeman1n@4shared.com,Female
Edward,Long,elong1o@intel.com,Male
John,Mendoza,jmendoza1p@oaic.gov.au,Male
Roy,Bell,rbell1q@msn.com,Male
Rose,Coleman,rcoleman1r@wired.com,Female
Joan,Howell,jhowell1s@mlb.com,Female
Alice,Griffin,agriffin1t@princeton.edu,Female
Robin,Hawkins,rhawkins1u@oracle.com,Female
Arthur,Porter,aporter1v@squidoo.com,Male
Doris,Castillo,dcastillo1w@wix.com,Female
Shirley,Garcia,sgarcia1x@e-recht24.de,Female
Judith,Patterson,jpatterson1y@oaic.gov.au,Female
Jonathan,Nelson,jnelson1z@posterous.com,Male
Andrea,Peterson,apeterson20@about.me,Female
Timothy,Brown,tbrown21@harvard.edu,Male
Raymond,Peters,rpeters22@bloglovin.com,Male
Julia,Chapman,jchapman23@cornell.edu,Female
Frances,Daniels,fdaniels24@berkeley.edu,Female
Lisa,Stanley,lstanley25@friendfeed.com,Female
Todd,Bowman,tbowman26@networkadvertising.org,Male
Barbara,Knight,bknight27@narod.ru,Female
Laura,Young,lyoung28@163.com,Female
Lois,Spencer,lspencer29@si.edu,Female
Larry,Ruiz,lruiz2a@newsvine.com,Male
Joe,Henry,jhenry2b@wired.com,Male
Doris,Rice,drice2c@sogou.com,Female
Marilyn,Phillips,mphillips2d@nsw.gov.au,Female
Lois,Stanley,lstanley2e@twitter.com,Female
Russell,Stevens,rstevens2f@clickbank.net,Male
Irene,Harper,iharper2g@nymag.com,Female
Marilyn,Fowler,mfowler2h@dailymail.co.uk,Female
Jeremy,Jordan,jjordan2i@google.it,Male
Wayne,Olson,wolson2j@posterous.com,Male
Diane,Turner,dturner2k@newsvine.com,Female
Juan,Murray,jmurray2l@trellian.com,Male
Brandon,Jenkins,bjenkins2m@storify.com,Male
Fred,Cunningham,fcunningham2n@ning.com,Male
Wayne,Ross,wross2o@cbc.ca,Male
Rebecca,Montgomery,rmontgomery2p@i2i.jp,Female
Beverly,Sanders,bsanders2q@businesswire.com,Female
Mildred,Day,mday2r@berkeley.edu,Female
