Jerry,Fisher,jfisher0@moonfruit.com,Male
Katherine,Nguyen,knguyen1@fda.gov,Female
Jessica,Hernandez,jhernandez2@wired.com,Female
Bobby,Hall,bhall3@google.es,Male
Susan,Wilson,swilson4@tuttocitta.it,Female
Irene,Taylor,itaylor5@gravatar.com,Female
Dorothy,Reyes,dreyes6@angelfire.com,Female
Philip,Hansen,phansen7@digg.com,Male
Ashley,Howard,ahoward8@alibaba.com,Female
Marilyn,Ross,mross9@topsy.com,Female
Shawn,Moreno,smorenoa@behance.net,Male
Rose,Marshall,rmarshallb@java.com,Female
Bobby,Williamson,bwilliamsonc@reference.com,Male
Beverly,Burton,bburtond@sogou.com,Female
Lillian,Foster,lfostere@odnoklassniki.ru,Female
Frank,Miller,fmillerf@amazon.com,Male
Phillip,Pierce,ppierceg@rambler.ru,Male
Joan,Chavez,jchavezh@liveinternet.ru,Female
Roy,Rodriguez,rrodriguezi@technorati.com,Male
Patricia,Green,pgreenj@redcross.org,Female
Melissa,Thomas,mthomask@youku.com,Female
Bonnie,Knight,bknightl@google.es,Female
Henry,Mitchell,hmitchellm@sogou.com,Male
Jeffrey,Kelly,jkellyn@home.pl,Male
Alice,Rogers,arogerso@bloglovin.com,Female
Annie,Mendoza,amendozap@sogou.com,Female
Frank,Simmons,fsimmonsq@hp.com,Male
Gary,Bryant,gbryantr@cnn.com,Male
Rebecca,Knight,rknights@123-reg.co.uk,Female
Bobby,Johnston,bjohnstont@facebook.com,Male
Samuel,Robertson,srobertsonu@mapquest.com,Male
Karen,Coleman,kcolemanv@imgur.com,Female
Joshua,Long,jlongw@scribd.com,Male
Rachel,Reyes,rreyesx@google.es,Female
Rebecca,Bryant,rbryanty@mtv.com,Female
Virginia,Ramirez,vramirezz@biblegateway.com,Female
Jeffrey,Bell,jbell10@upenn.edu,Male
Shawn,Riley,sriley11@constantcontact.com,Male
Timothy,Cox,tcox12@so-net.ne.jp,Male
Rose,Bryant,rbryant13@joomla.org,Female
Earl,Ferguson,eferguson14@engadget.com,Male
Kathleen,Cooper,kcooper15@senate.gov,Female
Sean,Fernandez,sfernandez16@smh.com.au,Male
Louis,Lee,llee17@google.co.uk,Male
Joyce,Hanson,jhanson18@ebay.com,Female
Louise,Palmer,lpalmer19@behance.net,Female
Donna,Hicks,dhicks1a@msn.com,Female
Ruby,Green,rgreen1b@cbsnews.com,Female
Elizabeth,Morrison,emorrison1c@phpbb.com,Female
Melissa,Coleman,mcoleman1d@rakuten.co.jp,Female
Joshua,Ford,jford1e@upenn.edu,Male
Carl,Jenkins,cjenkins1f@blog.com,Male
Joe,Kim,jkim1g@elpais.com,Male
Jimmy,Webb,jwebb1h@wix.com,Male
Peter,Cox,pcox1i@spiegel.de,Male
Kevin,Hudson,khudson1j@edublogs.org,Male
Walter,Grant,wgrant1k@nydailynews.com,Male
Christine,Carr,ccarr1l@unblog.fr,Female
Henry,Perkins,hperkins1m@patch.com,Male
Andrea,Hunter,ahunter1n@psu.edu,Female
Jason,Burton,jburton1o@msn.com,Male
Melissa,Clark,mclark1p@quantcast.com,Female
Jack,Owens,jowens1q@constantcontact.com,Male
Louise,Frazier,lfrazier1r@yellowpages.com,Female
Douglas,Crawford,dcrawford1s@tinyurl.com,Male
Albert,Collins,acollins1t@google.nl,Male
Albert,Burke,aburke1u@webnode.com,Male
Alice,Chavez,achavez1v@ted.com,Female
Roger,Hernandez,rhernandez1w@plala.or.jp,Male
Phillip,Romero,promero1x@blogger.com,Male
Mark,Allen,mallen1y@angelfire.com,Male
Judy,Jackson,jjackson1z@npr.org,Female
Stephen,Bailey,sbailey20@rediff.com,Male
Douglas,Wells,dwells21@sohu.com,Male
Cheryl,Perez,cperez22@upenn.edu,Female
Shirley,Morgan,smorgan23@accuweather.com,Female
Bonnie,Jacobs,bjacobs24@vk.com,Female
Judith,Cook,jcook25@imdb.com,Female
Todd,Freeman,tfreeman26@google.nl,Male
David,Allen,dallen27@slate.com,Male
Chris,Washington,cwashington28@diigo.com,Male
Amy,George,ageorge29@pbs.org,Female
David,Barnes,dbarnes2a@cbc.ca,Male
Melissa,Dean,mdean2b@edublogs.org,Female
Anthony,Richardson,arichardson2c@patch.com,Male
Jimmy,Wood,jwood2d@yale.edu,Male
Thomas,Castillo,tcastillo2e@statcounter.com,Male
Anthony,Harper,aharper2f@cdbaby.com,Male
Douglas,Stevens,dstevens2g@example.com,Male
Chris,Henderson,chenderson2h@ning.com,Male
Gerald,Long,glong2i@shinystat.com,Male
Donna,Coleman,dcoleman2j@hc360.com,Female
Jimmy,Morris,jmorris2k@histats.com,Male
Brandon,Smith,bsmith2l@php.net,Male
Kathleen,Ross,kross2m@mapy.cz,Female
Arthur,Jordan,ajordan2n@sun.com,Male
Lisa,Phillips,lphillips2o@nhs.uk,Female
Betty,Green,bgreen2p@deviantart.com,Female
Margaret,Medina,mmedina2q@yellowpages.com,Female
Judith,Nguyen,jnguyen2r@bluehost.com,Female
Donald,Dixon,ddixon2s@list-manage.com,Male
Peter,Bradley,pbradley2t@diigo.com,Male
Harold,Berry,hberry2u@psu.edu,Male
Kathleen,Thompson,kthompson2v@macromedia.com,Female
Ruby,Fuller,rfuller2w@github.com,Female
Ernest,Medina,emedina2x@cloudflare.com,Male
Jane,Wright,jwright2y@tripadvisor.com,Female
Jimmy,Coleman,jcoleman2z@icio.us,Male
Gerald,Greene,ggreene30@mysql.com,Male
Louise,White,lwhite31@usatoday.com,Female
Wayne,Alvarez,walvarez32@sakura.ne.jp,Male
Wanda,Carroll,wcarroll33@independent.co.uk,Female
Sharon,Wheeler,swheeler34@china.com.cn,Female
Julie,Edwards,jedwards35@behance.net,Female
George,Grant,ggrant36@freewebs.com,Male
Jane,Dixon,jdixon37@sogou.com,Female
Emily,Davis,edavis38@wired.com,Female
Jennifer,Carroll,jcarroll39@pcworld.com,Female
Billy,Simpson,bsimpson3a@myspace.com,Male
Mildred,Carroll,mcarroll3b@moonfruit.com,Female
Gary,Morgan,gmorgan3c@taobao.com,Male
Jane,Stephens,jstephens3d@dailymotion.com,Female
Gloria,Owens,gowens3e@google.it,Female
Rose,Meyer,rmeyer3f@zimbio.com,Female
Bobby,Wilson,bwilson3g@europa.eu,Male
Anna,Mccoy,amccoy3h@furl.net,Female
Anna,Johnston,ajohnston3i@flickr.com,Female
Patricia,George,pgeorge3j@list-manage.com,Female
Norma,Elliott,nelliott3k@discovery.com,Female
Ronald,Wagner,rwagner3l@dailymail.co.uk,Male
Sara,Romero,sromero3m@ted.com,Female
Donald,Welch,dwelch3n@bloglovin.com,Male
Pamela,Johnston,pjohnston3o@ox.ac.uk,Female
Donna,Cooper,dcooper3p@redcross.org,Female
Martin,Day,mday3q@google.fr,Male
Jose,Washington,jwashington3r@ftc.gov,Male
Jesse,Allen,jallen3s@e-recht24.de,Male
Steven,Barnes,sbarnes3t@addthis.com,Male
Julie,Mcdonald,jmcdonald3u@ft.com,Female
Edward,Flores,eflores3v@jugem.jp,Male
Heather,Burns,hburns3w@nba.com,Female
Lisa,Bryant,lbryant3x@google.com.hk,Female
Tina,Berry,tberry3y@zdnet.com,Female
Kimberly,Olson,kolson3z@twitpic.com,Female
Jessica,Moreno,jmoreno40@issuu.com,Female
Willie,Rose,wrose41@storify.com,Male
Louise,Oliver,loliver42@newyorker.com,Female
Wayne,Hill,whill43@nymag.com,Male
Billy,Watkins,bwatkins44@addthis.com,Male
Cynthia,Cook,ccook45@gizmodo.com,Female
Carol,Reynolds,creynolds46@i2i.jp,Female
George,Scott,gscott47@cargocollective.com,Male
Robin,Fuller,rfuller48@sina.com.cn,Female
Kevin,Richards,krichards49@joomla.org,Male
Raymond,Richardson,rrichardson4a@amazon.de,Male
Andrea,Webb,awebb4b@bloomberg.com,Female
Walter,Ruiz,wruiz4c@nih.gov,Male
Earl,Riley,eriley4d@earthlink.net,Male
Diana,Rice,drice4e@ocn.ne.jp,Female
Brandon,Campbell,bcampbell4f@twitpic.com,Male
Shirley,Roberts,sroberts4g@issuu.com,Female
Kathleen,Perkins,kperkins4h@senate.gov,Female
Martha,Morrison,mmorrison4i@flavors.me,Female
Margaret,Hawkins,mhawkins4j@livejournal.com,Female
Benjamin,Gonzales,bgonzales4k@scientificamerican.com,Male
Bruce,Cole,bcole4l@nymag.com,Male
Julie,Tucker,jtucker4m@ustream.tv,Female
Virginia,Myers,vmyers4n@flavors.me,Female
Susan,Shaw,sshaw4o@hp.com,Female
John,Weaver,jweaver4p@drupal.org,Male
Jeremy,Watkins,jwatkins4q@so-net.ne.jp,Male
Lisa,Sullivan,lsullivan4r@4shared.com,Female
Stephanie,George,sgeorge4s@ebay.co.uk,Female
Denise,Dean,ddean4t@zdnet.com,Female
Catherine,Fields,cfields4u@hud.gov,Female
Louis,Weaver,lweaver4v@oakley.com,Male
Lillian,Snyder,lsnyder4w@apache.org,Female
Kathryn,Foster,kfoster4x@noaa.gov,Female
Anthony,Weaver,aweaver4y@sciencedaily.com,Male
Eugene,Oliver,eoliver4z@gizmodo.com,Male
Emily,Morris,emorris50@mac.com,Female
Willie,Montgomery,wmontgomery51@microsoft.com,Male
Louise,Coleman,lcoleman52@diigo.com,Female
Anthony,Gordon,agordon53@vkontakte.ru,Male
Christopher,Hudson,chudson54@state.gov,Male
Sean,Oliver,soliver55@chron.com,Male
Marie,Montgomery,mmontgomery56@blogtalkradio.com,Female
Carol,Mitchell,cmitchell57@ask.com,Female
Harold,Robinson,hrobinson58@ezinearticles.com,Male
Matthew,Arnold,marnold59@wiley.com,Male
Wayne,Riley,wriley5a@netscape.com,Male
Beverly,Carroll,bcarroll5b@google.ca,Female
Frank,Stone,fstone5c@nydailynews.com,Male
Daniel,Cruz,dcruz5d@imdb.com,Male
Wanda,Schmidt,wschmidt5e@homestead.com,Female
Sarah,Graham,sgraham5f@google.de,Female
Marilyn,Evans,mevans5g@phpbb.com,Female
Lois,Garcia,lgarcia5h@etsy.com,Female
Carlos,Vasquez,cvasquez5i@marketwatch.com,Male
Julia,Palmer,jpalmer5j@amazon.de,Female
Mark,Hernandez,mhernandez5k@ft.com,Male
Joan,Foster,jfoster5l@hostgator.com,Female
Angela,Diaz,adiaz5m@statcounter.com,Female
Jeremy,Miller,jmiller5n@samsung.com,Male
Phyllis,Clark,pclark5o@admin.ch,Female
Paula,Grant,pgrant5p@cnet.com,Female
Catherine,Ryan,cryan5q@liveinternet.ru,Female
Shirley,Alexander,salexander5r@moonfruit.com,Female
Helen,Mcdonald,hmcdonald5s@imageshack.us,Female
Fred,Sanchez,fsanchez5t@etsy.com,Male
Mary,Welch,mwelch5u@samsung.com,Female
Doris,Elliott,delliott5v@ca.gov,Female
Mark,Cruz,mcruz5w@hexun.com,Male
Jeremy,Cole,jcole5x@dedecms.com,Male
Gregory,Taylor,gtaylor5y@booking.com,Male
Beverly,Webb,bwebb5z@about.me,Female
Brandon,Daniels,bdaniels60@bluehost.com,Male
Shirley,Perkins,sperkins61@scientificamerican.com,Female
John,Carroll,jcarroll62@cbslocal.com,Male
Joan,Fuller,jfuller63@list-manage.com,Female
Judy,Perez,jperez64@harvard.edu,Female
Adam,Austin,aaustin65@utexas.edu,Male
Richard,Stone,rstone66@vk.com,Male
Helen,Adams,hadams67@auda.org.au,Female
Diane,Mills,dmills68@nytimes.com,Female
Jessica,Evans,jevans69@twitter.com,Female
Eric,Webb,ewebb6a@businesswire.com,Male
Randy,Hart,rhart6b@ocn.ne.jp,Male
Phyllis,Shaw,pshaw6c@mapquest.com,Female
Dennis,Walker,dwalker6d@seattletimes.com,Male
Tammy,Arnold,tarnold6e@blog.com,Female
Wayne,Reynolds,wreynolds6f@ifeng.com,Male
Ruby,Bennett,rbennett6g@plala.or.jp,Female
Doris,Johnson,djohnson6h@weather.com,Female
Andrew,Medina,amedina6i@hud.gov,Male
Brandon,Ferguson,bferguson6j@cmu.edu,Male
Jeremy,Castillo,jcastillo6k@hibu.com,Male
Johnny,Cruz,jcruz6l@google.com,Male
Margaret,Anderson,manderson6m@lycos.com,Female
Julia,Clark,jclark6n@ebay.com,Female
Cynthia,Lee,clee6o@cbc.ca,Female
Chris,Myers,cmyers6p@gizmodo.com,Male
Lawrence,Johnson,ljohnson6q@gov.uk,Male
Frances,Campbell,fcampbell6r@mac.com,Female
Lawrence,Lynch,llynch6s@sohu.com,Male
James,Armstrong,jarmstrong6t@sciencedaily.com,Male
Bruce,Rice,brice6u@amazon.com,Male
Anne,Kennedy,akennedy6v@ebay.co.uk,Female
Anthony,Johnson,ajohnson6w@technorati.com,Male
Frank,White,fwhite6x@hatena.ne.jp,Male
Katherine,Rose,krose6y@hao123.com,Female
Benjamin,Smith,bsmith6z@yellowbook.com,Male
Sarah,Dean,sdean70@smh.com.au,Female
Kevin,Moore,kmoore71@cisco.com,Male
Deborah,Bowman,dbowman72@pagesperso-orange.fr,Female
Frank,Daniels,fdaniels73@scribd.com,Male
Laura,Bailey,lbailey74@reddit.com,Female
Henry,Gordon,hgordon75@over-blog.com,Male
Eric,Rivera,erivera76@istockphoto.com,Male
Joyce,Baker,jbaker77@slashdot.org,Female
Albert,Murphy,amurphy78@1und1.de,Male
Ronald,Carroll,rcarroll79@upenn.edu,Male
Eugene,Mendoza,emendoza7a@accuweather.com,Male
Diane,Hart,dhart7b@paypal.com,Female
Lori,Sanchez,lsanchez7c@umich.edu,Female
Anne,Long,along7d@macromedia.com,Female
Marie,Walker,mwalker7e@amazon.co.uk,Female
Donald,Mitchell,dmitchell7f@desdev.cn,Male
Thomas,Taylor,ttaylor7g@netlog.com,Male
Margaret,Stephens,mstephens7h@naver.com,Female
Laura,Williams,lwilliams7i@sbwire.com,Female
Earl,Reyes,ereyes7j@hp.com,Male
Wayne,Kim,wkim7k@skype.com,Male
Jesse,Allen,jallen7l@slashdot.org,Male
Scott,Gardner,sgardner7m@usatoday.com,Male
Jerry,Brooks,jbrooks7n@upenn.edu,Male
Raymond,Hudson,rhudson7o@360.cn,Male
Marie,Flores,mflores7p@feedburner.com,Female
Jeremy,Woods,jwoods7q@google.ru,Male
Melissa,Sims,msims7r@ca.gov,Female
Joseph,Dunn,jdunn7s@webs.com,Male
Mary,Little,mlittle7t@wsj.com,Female
Helen,Wallace,hwallace7u@creativecommons.org,Female
Stephanie,Powell,spowell7v@indiegogo.com,Female
Marie,Elliott,melliott7w@independent.co.uk,Female
Rebecca,Porter,rporter7x@patch.com,Female
Emily,Romero,eromero7y@hatena.ne.jp,Female
Keith,Clark,kclark7z@icio.us,Male
William,Peterson,wpeterson80@utexas.edu,Male
Linda,Bailey,lbailey81@163.com,Female
Philip,Johnson,pjohnson82@clickbank.net,Male
Arthur,Carr,acarr83@cocolog-nifty.com,Male
Harold,Fowler,hfowler84@hugedomains.com,Male
Gerald,Garrett,ggarrett85@wikia.com,Male
Martin,Graham,mgraham86@blog.com,Male
Roy,Dean,rdean87@squidoo.com,Male
Frank,Stephens,fstephens88@photobucket.com,Male
Bobby,Vasquez,bvasquez89@google.ca,Male
Terry,Fernandez,tfernandez8a@constantcontact.com,Male
Joe,Lawson,jlawson8b@noaa.gov,Male
Terry,Stephens,tstephens8c@unblog.fr,Male
Jessica,Hayes,jhayes8d@sitemeter.com,Female
Justin,Hansen,jhansen8e@tamu.edu,Male
David,Ray,dray8f@loc.gov,Male
Harry,James,hjames8g@yelp.com,Male
Craig,Montgomery,cmontgomery8h@ox.ac.uk,Male
Joyce,Lane,jlane8i@meetup.com,Female
Diana,Phillips,dphillips8j@wix.com,Female
Andrew,Young,ayoung8k@patch.com,Male
Anne,Cole,acole8l@ehow.com,Female
Linda,Meyer,lmeyer8m@wordpress.org,Female
David,Schmidt,dschmidt8n@umn.edu,Male
Ronald,Cox,rcox8o@disqus.com,Male
Howard,Cox,hcox8p@paypal.com,Male
Billy,Stephens,bstephens8q@google.com,Male
Joshua,Watkins,jwatkins8r@mozilla.com,Male
Daniel,Schmidt,dschmidt8s@oakley.com,Male
Randy,Patterson,rpatterson8t@theatlantic.com,Male
Nancy,Banks,nbanks8u@spiegel.de,Female
Frances,Powell,fpowell8v@sogou.com,Female
Teresa,Mills,tmills8w@wikia.com,Female
Jimmy,Hamilton,jhamilton8x@nhs.uk,Male
Richard,Riley,rriley8y@github.com,Male
Stephen,Butler,sbutler8z@tripadvisor.com,Male
Albert,Stephens,astephens90@usnews.com,Male
Marilyn,Watkins,mwatkins91@unc.edu,Female
Jennifer,Garza,jgarza92@columbia.edu,Female
Matthew,Daniels,mdaniels93@spotify.com,Male
Phyllis,Lee,plee94@dell.com,Female
Jose,Bowman,jbowman95@goo.gl,Male
Philip,Carpenter,pcarpenter96@godaddy.com,Male
Sarah,Romero,sromero97@amazon.com,Female
Theresa,Olson,tolson98@reverbnation.com,Female
Christina,Oliver,coliver99@imdb.com,Female
Catherine,Flores,cflores9a@4shared.com,Female
Carlos,Moore,cmoore9b@icq.com,Male
Melissa,Garcia,mgarcia9c@drupal.org,Female
Karen,Diaz,kdiaz9d@apache.org,Female
Thomas,Gordon,tgordon9e@hc360.com,Male
Anne,Brooks,abrooks9f@usatoday.com,Female
Eugene,Mcdonald,emcdonald9g@wordpress.org,Male
William,Taylor,wtaylor9h@bloglovin.com,Male
David,Lawrence,dlawrence9i@slate.com,Male
Catherine,Ruiz,cruiz9j@creativecommons.org,Female
David,Nichols,dnichols9k@a8.net,Male
Julie,Nichols,jnichols9l@intel.com,Female
Denise,Hansen,dhansen9m@unblog.fr,Female
Phillip,Greene,pgreene9n@blinklist.com,Male
Larry,Simmons,lsimmons9o@rediff.com,Male
Thomas,Warren,twarren9p@devhub.com,Male
Gary,Baker,gbaker9q@canalblog.com,Male
Philip,Garcia,pgarcia9r@vimeo.com,Male
Irene,Sanders,isanders9s@ycombinator.com,Female
Martin,Mendoza,mmendoza9t@myspace.com,Male
Ronald,Cunningham,rcunningham9u@uiuc.edu,Male
Scott,Barnes,sbarnes9v@youku.com,Male
Norma,Moore,nmoore9w@arstechnica.com,Female
Elizabeth,Garcia,egarcia9x@wunderground.com,Female
Ashley,Gonzales,agonzales9y@yellowpages.com,Female
Virginia,Washington,vwashington9z@e-recht24.de,Female
Stephen,Fox,sfoxa0@shutterfly.com,Male
Clarence,Green,cgreena1@discovery.com,Male
Carolyn,Hansen,chansena2@ovh.net,Female
Susan,Elliott,selliotta3@imageshack.us,Female
Ronald,Holmes,rholmesa4@amazon.de,Male
Arthur,Mcdonald,amcdonalda5@squarespace.com,Male
Stephanie,Daniels,sdanielsa6@vinaora.com,Female
Andrew,Day,adaya7@illinois.edu,Male
Jesse,Jacobs,jjacobsa8@arstechnica.com,Male
Randy,Nguyen,rnguyena9@paypal.com,Male
Charles,Ross,crossaa@google.ru,Male
Harry,Ortiz,hortizab@twitter.com,Male
Maria,Howell,mhowellac@reuters.com,Female
Diane,Reynolds,dreynoldsad@weebly.com,Female
Jose,Hernandez,jhernandezae@nsw.gov.au,Male
Phillip,Clark,pclarkaf@woothemes.com,Male
Phillip,Knight,pknightag@arstechnica.com,Male
Douglas,Walker,dwalkerah@1und1.de,Male
Shirley,Hughes,shughesai@whitehouse.gov,Female
Steve,Ellis,sellisaj@g.co,Male
Stephanie,Fields,sfieldsak@timesonline.co.uk,Female
Phillip,Lawrence,plawrenceal@ebay.co.uk,Male
Frank,Harvey,fharveyam@omniture.com,Male
Jerry,Morales,jmoralesan@state.tx.us,Male
Jesse,Ramos,jramosao@nbcnews.com,Male
Mildred,Bowman,mbowmanap@unicef.org,Female
Helen,Cunningham,hcunninghamaq@bluehost.com,Female
Wayne,Chapman,wchapmanar@goo.gl,Male
Pamela,Gilbert,pgilbertas@alibaba.com,Female
Willie,Richardson,wrichardsonat@technorati.com,Male
Terry,Johnston,tjohnstonau@tumblr.com,Male
David,Allen,dallenav@epa.gov,Male
Rebecca,Russell,rrussellaw@themeforest.net,Female
Howard,Berry,hberryax@indiatimes.com,Male
Benjamin,Ramos,bramosay@biglobe.ne.jp,Male
Christopher,Hernandez,chernandezaz@so-net.ne.jp,Male
Tina,Lane,tlaneb0@netlog.com,Female
Joan,Robinson,jrobinsonb1@odnoklassniki.ru,Female
Ruth,Patterson,rpattersonb2@wired.com,Female
Gloria,Anderson,gandersonb3@bloomberg.com,Female
Kenneth,Rogers,krogersb4@ucoz.ru,Male
Bonnie,Fuller,bfullerb5@arizona.edu,Female
Doris,Black,dblackb6@cmu.edu,Female
Judith,Richards,jrichardsb7@home.pl,Female
Louis,Graham,lgrahamb8@nydailynews.com,Male
Judy,Boyd,jboydb9@etsy.com,Female
Roy,Meyer,rmeyerba@oakley.com,Male
Lisa,Mcdonald,lmcdonaldbb@google.pl,Female
Eugene,Anderson,eandersonbc@google.de,Male
Janet,Rogers,jrogersbd@paypal.com,Female
Jeffrey,Wagner,jwagnerbe@dell.com,Male
Todd,Fowler,tfowlerbf@live.com,Male
Judy,Hunt,jhuntbg@toplist.cz,Female
Timothy,Gonzalez,tgonzalezbh@alexa.com,Male
Julia,Carpenter,jcarpenterbi@slate.com,Female
Howard,Welch,hwelchbj@infoseek.co.jp,Male
Clarence,Franklin,cfranklinbk@wsj.com,Male
Paula,Castillo,pcastillobl@e-recht24.de,Female
Anthony,Hall,ahallbm@mediafire.com,Male
Martin,Gibson,mgibsonbn@google.co.jp,Male
Amanda,Wood,awoodbo@irs.gov,Female
Donna,Rodriguez,drodriguezbp@mapquest.com,Female
Howard,Marshall,hmarshallbq@digg.com,Male
Alan,Lawrence,alawrencebr@apache.org,Male
Julie,Burns,jburnsbs@ucsd.edu,Female
Phyllis,Ross,prossbt@comcast.net,Female
Ryan,Mccoy,rmccoybu@comsenz.com,Male
Todd,Patterson,tpattersonbv@jigsy.com,Male
Lisa,Morrison,lmorrisonbw@yellowbook.com,Female
Robin,Hernandez,rhernandezbx@canalblog.com,Female
Adam,Howell,ahowellby@histats.com,Male
Wayne,Walker,wwalkerbz@digg.com,Male
Tammy,Johnson,tjohnsonc0@opera.com,Female
Jerry,Rose,jrosec1@is.gd,Male
Diana,Edwards,dedwardsc2@cmu.edu,Female
Michelle,Ramirez,mramirezc3@dell.com,Female
Patrick,Collins,pcollinsc4@theguardian.com,Male
Nicholas,Griffin,ngriffinc5@umn.edu,Male
Earl,Thomas,ethomasc6@phoca.cz,Male
Sharon,Moore,smoorec7@npr.org,Female
John,Brooks,jbrooksc8@un.org,Male
Julia,Boyd,jboydc9@spiegel.de,Female
Carol,Fisher,cfisherca@webmd.com,Female
Chris,Schmidt,cschmidtcb@google.com.br,Male
Lori,Perez,lperezcc@nifty.com,Female
Aaron,Foster,afostercd@prnewswire.com,Male
Judith,Barnes,jbarnesce@harvard.edu,Female
Wanda,Foster,wfostercf@sciencedaily.com,Female
Jonathan,Gonzalez,jgonzalezcg@tuttocitta.it,Male
Henry,Powell,hpowellch@twitter.com,Male
Craig,Cox,ccoxci@feedburner.com,Male
Frank,Pierce,fpiercecj@arizona.edu,Male
Jack,Mccoy,jmccoyck@fotki.com,Male
Steve,Shaw,sshawcl@tiny.cc,Male
Michelle,Russell,mrussellcm@hc360.com,Female
Arthur,Martin,amartincn@soundcloud.com,Male
Gloria,Graham,ggrahamco@taobao.com,Female
Donald,Thompson,dthompsoncp@instagram.com,Male
Paul,Harper,pharpercq@a8.net,Male
Jeffrey,Watkins,jwatkinscr@springer.com,Male
Eric,Gardner,egardnercs@smh.com.au,Male
Linda,Garza,lgarzact@netvibes.com,Female
Chris,Sullivan,csullivancu@tumblr.com,Male
Todd,Bailey,tbaileycv@i2i.jp,Male
Henry,Fields,hfieldscw@arstechnica.com,Male
Diane,Morris,dmorriscx@nih.gov,Female
Steve,Washington,swashingtoncy@archive.org,Male
Sarah,Little,slittlecz@sun.com,Female
Jerry,Franklin,jfranklind0@mapy.cz,Male
Jesse,Thompson,jthompsond1@bbb.org,Male
Rose,Howell,rhowelld2@slate.com,Female
Tammy,Williamson,twilliamsond3@npr.org,Female
Tammy,Morgan,tmorgand4@auda.org.au,Female
Theresa,Pierce,tpierced5@chronoengine.com,Female
Wanda,Duncan,wduncand6@state.tx.us,Female
Alan,Wallace,awallaced7@reference.com,Male
Ralph,Crawford,rcrawfordd8@bbb.org,Male
Jonathan,Vasquez,jvasquezd9@cmu.edu,Male
John,Gray,jgrayda@hao123.com,Male
Phyllis,Fisher,pfisherdb@ucsd.edu,Female
Lois,Harrison,lharrisondc@moonfruit.com,Female
Christopher,Porter,cporterdd@ted.com,Male
Doris,Morales,dmoralesde@blogs.com,Female
Edward,Price,epricedf@bravesites.com,Male
Judith,Allen,jallendg@twitpic.com,Female
Jack,Reyes,jreyesdh@360.cn,Male
Beverly,Simmons,bsimmonsdi@angelfire.com,Female
Alan,Evans,aevansdj@geocities.jp,Male
Mildred,Evans,mevansdk@hhs.gov,Female
Aaron,Stephens,astephensdl@youku.com,Male
Michael,Cole,mcoledm@springer.com,Male
Eugene,Kim,ekimdn@webeden.co.uk,Male
John,Adams,jadamsdo@flavors.me,Male
Sharon,Schmidt,sschmidtdp@zdnet.com,Female
Howard,Pierce,hpiercedq@jimdo.com,Male
Virginia,Russell,vrusselldr@spiegel.de,Female
Samuel,Willis,swillisds@constantcontact.com,Male
Steven,Ford,sforddt@ftc.gov,Male
Margaret,Vasquez,mvasquezdu@elpais.com,Female
Bonnie,Olson,bolsondv@123-reg.co.uk,Female
Annie,Wright,awrightdw@ucoz.com,Female
Barbara,Perez,bperezdx@reverbnation.com,Female
Andrea,Sanders,asandersdy@ycombinator.com,Female
Christopher,Reyes,creyesdz@uol.com.br,Male
Gary,Dunn,gdunne0@eventbrite.com,Male
Chris,Butler,cbutlere1@vimeo.com,Male
Jennifer,Ross,jrosse2@ed.gov,Female
Joyce,Bailey,jbaileye3@dailymail.co.uk,Female
Julie,Hart,jharte4@wisc.edu,Female
Michael,Perry,mperrye5@constantcontact.com,Male
Alan,George,ageorgee6@blinklist.com,Male
Kevin,Nguyen,knguyene7@ihg.com,Male
Barbara,Gutierrez,bgutierreze8@microsoft.com,Female
Barbara,King,bkinge9@fastcompany.com,Female
Helen,Perkins,hperkinsea@cloudflare.com,Female
Jose,Lane,jlaneeb@dailymail.co.uk,Male
Jean,Schmidt,jschmidtec@china.com.cn,Female
Susan,Fields,sfieldsed@twitpic.com,Female
Melissa,Harper,mharperee@ihg.com,Female
Sara,Brown,sbrownef@xinhuanet.com,Female
Rebecca,Myers,rmyerseg@altervista.org,Female
Scott,Hunt,shunteh@stanford.edu,Male
Dennis,Fox,dfoxei@sciencedirect.com,Male
Phillip,Woods,pwoodsej@odnoklassniki.ru,Male
Jacqueline,Tucker,jtuckerek@a8.net,Female
Charles,Martinez,cmartinezel@ucoz.ru,Male
Sean,Palmer,spalmerem@facebook.com,Male
Ernest,Ferguson,efergusonen@google.nl,Male
Emily,Ruiz,eruizeo@dagondesign.com,Female
Pamela,Roberts,probertsep@theguardian.com,Female
Kelly,Evans,kevanseq@constantcontact.com,Female
Eugene,Riley,erileyer@howstuffworks.com,Male
Jeremy,Smith,jsmithes@t.co,Male
Roy,Fuller,rfulleret@soup.io,Male
Benjamin,Hunter,bhuntereu@skype.com,Male
Paula,Ramirez,pramirezev@mozilla.com,Female
Adam,Baker,abakerew@tumblr.com,Male
Frank,Bryant,fbryantex@si.edu,Male
Jane,Williams,jwilliamsey@cloudflare.com,Female
Bonnie,Duncan,bduncanez@npr.org,Female
Roger,White,rwhitef0@de.vu,Male
Anna,Bailey,abaileyf1@cornell.edu,Female
Timothy,Rose,trosef2@nih.gov,Male
Sara,Knight,sknightf3@nationalgeographic.com,Female
Brandon,Martin,bmartinf4@google.de,Male
Mildred,Patterson,mpattersonf5@hhs.gov,Female
Michael,Snyder,msnyderf6@ebay.com,Male
Barbara,Carroll,bcarrollf7@nature.com,Female
Amy,White,awhitef8@php.net,Female
Todd,Ramirez,tramirezf9@bing.com,Male
Michelle,Parker,mparkerfa@i2i.jp,Female
Marilyn,Nguyen,mnguyenfb@ameblo.jp,Female
Randy,Tucker,rtuckerfc@ovh.net,Male
Emily,Richards,erichardsfd@blogs.com,Female
Emily,Garcia,egarciafe@t-online.de,Female
Frances,Freeman,ffreemanff@blogspot.com,Female
John,Walker,jwalkerfg@webs.com,Male
Doris,Dunn,ddunnfh@cafepress.com,Female
Sean,Richardson,srichardsonfi@marriott.com,Male
Kimberly,Black,kblackfj@example.com,Female
William,Hall,whallfk@nydailynews.com,Male
Alice,Warren,awarrenfl@istockphoto.com,Female
Rebecca,Hart,rhartfm@gravatar.com,Female
Edward,Reed,ereedfn@nymag.com,Male
Andrew,Taylor,ataylorfo@youku.com,Male
Ruth,Perez,rperezfp@topsy.com,Female
Kimberly,Ward,kwardfq@cisco.com,Female
Theresa,Allen,tallenfr@weebly.com,Female
Margaret,Reid,mreidfs@harvard.edu,Female
Roy,Meyer,rmeyerft@ow.ly,Male
Judith,Nelson,jnelsonfu@amazon.de,Female
Kelly,Sims,ksimsfv@time.com,Female
Rachel,Flores,rfloresfw@elegantthemes.com,Female
Edward,Austin,eaustinfx@comsenz.com,Male
Robert,Baker,rbakerfy@ezinearticles.com,Male
Andrew,Cooper,acooperfz@google.com.au,Male
Diana,Greene,dgreeneg0@google.it,Female
Sean,Wells,swellsg1@com.com,Male
Stephen,Nelson,snelsong2@google.pl,Male
Carol,Hawkins,chawkinsg3@ed.gov,Female
Kelly,Richardson,krichardsong4@nhs.uk,Female
Kevin,Spencer,kspencerg5@usda.gov,Male
Tina,Evans,tevansg6@wisc.edu,Female
Steve,Burke,sburkeg7@rakuten.co.jp,Male
Louis,Butler,lbutlerg8@yellowpages.com,Male
Anne,Fernandez,afernandezg9@home.pl,Female
Thomas,Rose,trosega@ca.gov,Male
Elizabeth,Garrett,egarrettgb@state.gov,Female
Julia,Perez,jperezgc@com.com,Female
Dorothy,Graham,dgrahamgd@mysql.com,Female
Carlos,Richards,crichardsge@dropbox.com,Male
Bruce,Hansen,bhansengf@cdbaby.com,Male
Bobby,Garrett,bgarrettgg@vinaora.com,Male
Angela,Payne,apaynegh@arizona.edu,Female
Howard,Fernandez,hfernandezgi@google.it,Male
Billy,Riley,brileygj@deviantart.com,Male
Jose,Simmons,jsimmonsgk@yandex.ru,Male
Janet,Williamson,jwilliamsongl@ocn.ne.jp,Female
Larry,Robinson,lrobinsongm@skype.com,Male
Debra,Campbell,dcampbellgn@hexun.com,Female
Doris,Bell,dbellgo@dion.ne.jp,Female
Paul,Moore,pmooregp@elegantthemes.com,Male
Lois,Jackson,ljacksongq@state.gov,Female
Carol,White,cwhitegr@reuters.com,Female
Samuel,Reyes,sreyesgs@bbb.org,Male
Kenneth,Hill,khillgt@bloglines.com,Male
Jonathan,Taylor,jtaylorgu@typepad.com,Male
Charles,Ramos,cramosgv@e-recht24.de,Male
Scott,Cox,scoxgw@wordpress.org,Male
Scott,Griffin,sgriffingx@eventbrite.com,Male
Jack,Simpson,jsimpsongy@ifeng.com,Male
Joan,Ray,jraygz@reference.com,Female
Mark,Wheeler,mwheelerh0@epa.gov,Male
Marie,Fuller,mfullerh1@tiny.cc,Female
Justin,Green,jgreenh2@house.gov,Male
Larry,Kelly,lkellyh3@behance.net,Male
Jose,Thomas,jthomash4@altervista.org,Male
Kenneth,Hunt,khunth5@discovery.com,Male
Lillian,Patterson,lpattersonh6@soup.io,Female
Albert,Payne,apayneh7@mac.com,Male
Mark,Dunn,mdunnh8@multiply.com,Male
Rebecca,Howard,rhowardh9@wikia.com,Female
Theresa,King,tkingha@vistaprint.com,Female
Jean,Bailey,jbaileyhb@smugmug.com,Female
Marie,Brooks,mbrookshc@cornell.edu,Female
Nancy,Mendoza,nmendozahd@intel.com,Female
Christina,Stone,cstonehe@opensource.org,Female
Martin,Bailey,mbaileyhf@bizjournals.com,Male
Denise,Perkins,dperkinshg@ted.com,Female
Jane,Dean,jdeanhh@zdnet.com,Female
Jennifer,Nichols,jnicholshi@samsung.com,Female
Amy,Palmer,apalmerhj@tiny.cc,Female
Julie,Franklin,jfranklinhk@weibo.com,Female
Sandra,Gilbert,sgilberthl@china.com.cn,Female
Marie,Perez,mperezhm@parallels.com,Female
Robert,Henry,rhenryhn@amazon.com,Male
Phillip,Ray,prayho@ezinearticles.com,Male
Alice,Romero,aromerohp@nyu.edu,Female
Nancy,Morrison,nmorrisonhq@bandcamp.com,Female
Tammy,Chavez,tchavezhr@reuters.com,Female
Terry,Berry,tberryhs@google.nl,Male
Dorothy,Weaver,dweaverht@jiathis.com,Female
Lawrence,Grant,lgranthu@hao123.com,Male
Janet,Ryan,jryanhv@godaddy.com,Female
Sara,Perry,sperryhw@dropbox.com,Female
Harold,James,hjameshx@nymag.com,Male
Rose,Harris,rharrishy@google.com.au,Female
Daniel,Adams,dadamshz@1688.com,Male
Larry,Bryant,lbryanti0@nba.com,Male
Joseph,Freeman,jfreemani1@g.co,Male
Melissa,Moore,mmoorei2@macromedia.com,Female
George,Daniels,gdanielsi3@forbes.com,Male
William,Johnson,wjohnsoni4@narod.ru,Male
Catherine,Greene,cgreenei5@mlb.com,Female
Karen,Parker,kparkeri6@wired.com,Female
Phyllis,Harris,pharrisi7@miitbeian.gov.cn,Female
Christine,Stevens,cstevensi8@house.gov,Female
Gerald,Ramirez,gramirezi9@ustream.tv,Male
Douglas,Ryan,dryania@phpbb.com,Male
Ruby,Cunningham,rcunninghamib@bbb.org,Female
Paula,Rodriguez,prodriguezic@fc2.com,Female
Donna,Sanchez,dsanchezid@netlog.com,Female
Frank,Lewis,flewisie@nationalgeographic.com,Male
Gerald,Walker,gwalkerif@tmall.com,Male
Margaret,Duncan,mduncanig@nymag.com,Female
Daniel,Lewis,dlewisih@berkeley.edu,Male
Carlos,Hanson,chansonii@state.gov,Male
Clarence,Reynolds,creynoldsij@elpais.com,Male
Jean,Lawrence,jlawrenceik@blogger.com,Female
Ruth,Arnold,rarnoldil@ucla.edu,Female
Joshua,Frazier,jfrazierim@t.co,Male
Nicholas,Day,ndayin@php.net,Male
Marie,Martinez,mmartinezio@imgur.com,Female
Tina,Grant,tgrantip@posterous.com,Female
Anna,Barnes,abarnesiq@stumbleupon.com,Female
Nicholas,Simpson,nsimpsonir@deviantart.com,Male
Christopher,Hawkins,chawkinsis@networkadvertising.org,Male
Tammy,Thompson,tthompsonit@bing.com,Female
Jose,Gutierrez,jgutierreziu@altervista.org,Male
Mary,Anderson,mandersoniv@networkadvertising.org,Female
Nicholas,King,nkingiw@mayoclinic.com,Male
Frank,Kim,fkimix@jigsy.com,Male
Anna,Holmes,aholmesiy@msn.com,Female
Johnny,Henry,jhenryiz@webs.com,Male
Jessica,Reid,jreidj0@theglobeandmail.com,Female
Martin,Alvarez,malvarezj1@go.com,Male
Nicholas,Harrison,nharrisonj2@xinhuanet.com,Male
Ann,Flores,afloresj3@ftc.gov,Female
Brandon,Griffin,bgriffinj4@hostgator.com,Male
Craig,Watkins,cwatkinsj5@digg.com,Male
Nicole,Schmidt,nschmidtj6@princeton.edu,Female
Rachel,Kelley,rkelleyj7@aboutads.info,Female
Rebecca,Walker,rwalkerj8@independent.co.uk,Female
Bonnie,Howard,bhowardj9@yelp.com,Female
Cheryl,Morrison,cmorrisonja@ycombinator.com,Female
Kimberly,Gonzalez,kgonzalezjb@ebay.com,Female
Gerald,Hansen,ghansenjc@php.net,Male
Amy,Howell,ahowelljd@wiley.com,Female
Pamela,Olson,polsonje@rediff.com,Female
Beverly,Ford,bfordjf@illinois.edu,Female
Stephen,Peterson,spetersonjg@netlog.com,Male
Carlos,King,ckingjh@google.nl,Male
Catherine,Carroll,ccarrollji@ezinearticles.com,Female
Beverly,Greene,bgreenejj@state.tx.us,Female
Aaron,Frazier,afrazierjk@timesonline.co.uk,Male
Beverly,Williamson,bwilliamsonjl@kickstarter.com,Female
Carl,Lane,clanejm@printfriendly.com,Male
Amanda,Morris,amorrisjn@biblegateway.com,Female
Beverly,Hamilton,bhamiltonjo@yahoo.com,Female
Sean,Lee,sleejp@jimdo.com,Male
Harry,Hanson,hhansonjq@csmonitor.com,Male
Barbara,Jackson,bjacksonjr@skyrock.com,Female
Pamela,Bryant,pbryantjs@parallels.com,Female
Victor,Ford,vfordjt@nba.com,Male
Beverly,Hall,bhallju@guardian.co.uk,Female
Eugene,Ryan,eryanjv@soup.io,Male
Carlos,Rice,cricejw@nih.gov,Male
Evelyn,Simpson,esimpsonjx@issuu.com,Female
Scott,Lopez,slopezjy@sciencedaily.com,Male
Phillip,Rogers,progersjz@addthis.com,Male
Janice,Ellis,jellisk0@qq.com,Female
Teresa,Harrison,tharrisonk1@forbes.com,Female
Philip,West,pwestk2@prweb.com,Male
Judy,Morales,jmoralesk3@bbc.co.uk,Female
Patrick,Mason,pmasonk4@a8.net,Male
Martha,Rose,mrosek5@mapquest.com,Female
Albert,Mcdonald,amcdonaldk6@parallels.com,Male
Sandra,Ferguson,sfergusonk7@illinois.edu,Female
Craig,Garcia,cgarciak8@craigslist.org,Male
Katherine,Henry,khenryk9@canalblog.com,Female
Jose,Lewis,jlewiska@cmu.edu,Male
Katherine,Lopez,klopezkb@unc.edu,Female
Craig,Peters,cpeterskc@is.gd,Male
Teresa,Dean,tdeankd@adobe.com,Female
Russell,Lewis,rlewiske@typepad.com,Male
Richard,Griffin,rgriffinkf@comcast.net,Male
Julia,Andrews,jandrewskg@mtv.com,Female
Jacqueline,Harper,jharperkh@over-blog.com,Female
Jose,Olson,jolsonki@com.com,Male
Arthur,Reid,areidkj@t.co,Male
Ralph,Sims,rsimskk@godaddy.com,Male
Carlos,Nguyen,cnguyenkl@youtu.be,Male
Rebecca,Martinez,rmartinezkm@studiopress.com,Female
Nancy,Hayes,nhayeskn@storify.com,Female
Jerry,Gardner,jgardnerko@google.es,Male
Juan,Sims,jsimskp@geocities.com,Male
Louise,Warren,lwarrenkq@ow.ly,Female
William,Washington,wwashingtonkr@google.de,Male
Antonio,Fox,afoxks@shinystat.com,Male
Eugene,Fuller,efullerkt@delicious.com,Male
Janice,Fuller,jfullerku@house.gov,Female
Robin,Medina,rmedinakv@fastcompany.com,Female
Julie,Harrison,jharrisonkw@tripadvisor.com,Female
Sarah,Gutierrez,sgutierrezkx@mail.ru,Female
Donald,Alvarez,dalvarezky@comcast.net,Male
Johnny,Howell,jhowellkz@fda.gov,Male
Cheryl,Griffin,cgriffinl0@uiuc.edu,Female
Tammy,Henderson,thendersonl1@clickbank.net,Female
Jimmy,Cruz,jcruzl2@booking.com,Male
Benjamin,Gilbert,bgilbertl3@nymag.com,Male
Jennifer,Griffin,jgriffinl4@ovh.net,Female
Jacqueline,Bailey,jbaileyl5@arstechnica.com,Female
Mildred,Lee,mleel6@fda.gov,Female
Jeffrey,Nguyen,jnguyenl7@patch.com,Male
Katherine,Kelley,kkelleyl8@fastcompany.com,Female
Pamela,Garza,pgarzal9@hp.com,Female
Lillian,Hughes,lhughesla@lycos.com,Female
Beverly,Bell,bbelllb@wordpress.com,Female
Rachel,Payne,rpaynelc@google.co.jp,Female
Andrew,Davis,adavisld@skype.com,Male
Mildred,Diaz,mdiazle@list-manage.com,Female
Ruth,Kennedy,rkennedylf@webeden.co.uk,Female
Carolyn,Armstrong,carmstronglg@aol.com,Female
Roger,Perez,rperezlh@google.ca,Male
Thomas,Bradley,tbradleyli@webnode.com,Male
Sean,Brooks,sbrookslj@chicagotribune.com,Male
Gary,Day,gdaylk@eepurl.com,Male
Judy,Woods,jwoodsll@foxnews.com,Female
Bonnie,Weaver,bweaverlm@myspace.com,Female
Jean,Knight,jknightln@eventbrite.com,Female
Matthew,Owens,mowenslo@360.cn,Male
Roger,Fox,rfoxlp@smh.com.au,Male
Denise,Moreno,dmorenolq@japanpost.jp,Female
Ruby,Sanders,rsanderslr@google.es,Female
Brandon,Clark,bclarkls@mozilla.org,Male
Keith,Gray,kgraylt@deliciousdays.com,Male
Virginia,Grant,vgrantlu@com.com,Female
Doris,Lane,dlanelv@wikimedia.org,Female
Shirley,Wilson,swilsonlw@home.pl,Female
Irene,Payne,ipaynelx@1und1.de,Female
Christine,Cunningham,ccunninghamly@photobucket.com,Female
Amy,Robertson,arobertsonlz@netlog.com,Female
Melissa,Morgan,mmorganm0@gmpg.org,Female
Wanda,Price,wpricem1@java.com,Female
Arthur,Armstrong,aarmstrongm2@ft.com,Male
Judy,Carter,jcarterm3@narod.ru,Female
Phillip,Bowman,pbowmanm4@123-reg.co.uk,Male
Ralph,Gilbert,rgilbertm5@admin.ch,Male
Fred,Jenkins,fjenkinsm6@woothemes.com,Male
Cheryl,Russell,crussellm7@dot.gov,Female
Theresa,Vasquez,tvasquezm8@people.com.cn,Female
Adam,Martinez,amartinezm9@yellowpages.com,Male
Sandra,Cruz,scruzma@printfriendly.com,Female
Brenda,Holmes,bholmesmb@bbb.org,Female
Kelly,Elliott,kelliottmc@earthlink.net,Female
Billy,Garza,bgarzamd@mayoclinic.com,Male
Andrea,Warren,awarrenme@epa.gov,Female
Jeremy,Watkins,jwatkinsmf@people.com.cn,Male
Jose,Williamson,jwilliamsonmg@washington.edu,Male
Juan,Burke,jburkemh@noaa.gov,Male
Frances,Knight,fknightmi@lulu.com,Female
Louis,Schmidt,lschmidtmj@clickbank.net,Male
Mildred,Kelly,mkellymk@cbslocal.com,Female
Dorothy,Jenkins,djenkinsml@aol.com,Female
Christine,Cole,ccolemm@who.int,Female
Helen,Reyes,hreyesmn@ftc.gov,Female
Frank,Washington,fwashingtonmo@hibu.com,Male
Beverly,Hart,bhartmp@digg.com,Female
Debra,Cox,dcoxmq@unicef.org,Female
Richard,Grant,rgrantmr@wix.com,Male
Andrea,Adams,aadamsms@multiply.com,Female
Aaron,Cox,acoxmt@reference.com,Male
Shawn,Hicks,shicksmu@github.io,Male
Eric,West,ewestmv@deviantart.com,Male
Emily,Sanchez,esanchezmw@census.gov,Female
Eugene,Stone,estonemx@yelp.com,Male
Christopher,Richardson,crichardsonmy@gmpg.org,Male
Jane,Austin,jaustinmz@delicious.com,Female
Shirley,Cooper,scoopern0@mysql.com,Female
Victor,Taylor,vtaylorn1@alexa.com,Male
Diane,Woods,dwoodsn2@ibm.com,Female
Laura,Frazier,lfraziern3@delicious.com,Female
Annie,Johnston,ajohnstonn4@imageshack.us,Female
Roger,Graham,rgrahamn5@pcworld.com,Male
Cynthia,Graham,cgrahamn6@ibm.com,Female
Wanda,Dixon,wdixonn7@sphinn.com,Female
Andrea,Graham,agrahamn8@columbia.edu,Female
Wayne,Mendoza,wmendozan9@businessinsider.com,Male
Deborah,Gray,dgrayna@wp.com,Female
Kathleen,Ward,kwardnb@skype.com,Female
Michael,Diaz,mdiaznc@cam.ac.uk,Male
Stephen,Greene,sgreenend@domainmarket.com,Male
Aaron,Alvarez,aalvarezne@prweb.com,Male
Debra,Hill,dhillnf@e-recht24.de,Female
Angela,Baker,abakerng@sakura.ne.jp,Female
Frances,Fowler,ffowlernh@miitbeian.gov.cn,Female
Samuel,Robinson,srobinsonni@webmd.com,Male
Jacqueline,Wilson,jwilsonnj@joomla.org,Female
Ann,Dixon,adixonnk@google.de,Female
Gerald,Fuller,gfullernl@virginia.edu,Male
Eugene,Gilbert,egilbertnm@hao123.com,Male
Lori,Harper,lharpernn@ow.ly,Female
Linda,Sullivan,lsullivanno@goodreads.com,Female
Gregory,Mitchell,gmitchellnp@csmonitor.com,Male
Jack,Johnston,jjohnstonnq@e-recht24.de,Male
Brandon,Morales,bmoralesnr@cmu.edu,Male
Kelly,Mitchell,kmitchellns@youku.com,Female
Keith,Perry,kperrynt@zdnet.com,Male
Wayne,Webb,wwebbnu@usatoday.com,Male
Anthony,Williamson,awilliamsonnv@live.com,Male
Carl,Elliott,celliottnw@ow.ly,Male
Frank,Porter,fporternx@blinklist.com,Male
Debra,Lynch,dlynchny@photobucket.com,Female
Kimberly,Williams,kwilliamsnz@time.com,Female
Jesse,Barnes,jbarneso0@fda.gov,Male
Harold,Alexander,halexandero1@networkadvertising.org,Male
Carolyn,Henderson,chendersono2@pagesperso-orange.fr,Female
Scott,Gilbert,sgilberto3@weibo.com,Male
John,Gibson,jgibsono4@census.gov,Male
Katherine,Cunningham,kcunninghamo5@ustream.tv,Female
Roger,Edwards,redwardso6@printfriendly.com,Male
Bonnie,Diaz,bdiazo7@fastcompany.com,Female
Alan,Lane,alaneo8@walmart.com,Male
Ann,Watson,awatsono9@upenn.edu,Female
Terry,Rose,troseoa@odnoklassniki.ru,Male
Robert,Simmons,rsimmonsob@cargocollective.com,Male
Benjamin,Porter,bporteroc@buzzfeed.com,Male
Roy,Watkins,rwatkinsod@upenn.edu,Male
Tammy,Edwards,tedwardsoe@1und1.de,Female
Jerry,Reyes,jreyesof@fc2.com,Male
Christina,Mendoza,cmendozaog@phpbb.com,Female
Roy,Larson,rlarsonoh@mozilla.org,Male
Lisa,Daniels,ldanielsoi@bandcamp.com,Female
Louise,Ramos,lramosoj@sphinn.com,Female
Jack,Webb,jwebbok@cyberchimps.com,Male
Carlos,Torres,ctorresol@marriott.com,Male
Diana,Davis,ddavisom@people.com.cn,Female
Robin,Jackson,rjacksonon@com.com,Female
Nicole,Gilbert,ngilbertoo@illinois.edu,Female
Helen,Lawson,hlawsonop@sourceforge.net,Female
Judy,Bishop,jbishopoq@topsy.com,Female
Kathleen,Boyd,kboydor@wiley.com,Female
Mary,Ward,mwardos@google.it,Female
Kathy,Sanchez,ksanchezot@yahoo.co.jp,Female
Catherine,Kennedy,ckennedyou@sohu.com,Female
Rebecca,Shaw,rshawov@samsung.com,Female
Rachel,Ryan,rryanow@netvibes.com,Female
Earl,Coleman,ecolemanox@addtoany.com,Male
Emily,Anderson,eandersonoy@spiegel.de,Female
Paula,Richardson,prichardsonoz@wordpress.com,Female
Lillian,Kim,lkimp0@geocities.com,Female
Paula,Ellis,pellisp1@phoca.cz,Female
Robin,Stevens,rstevensp2@earthlink.net,Female
James,Walker,jwalkerp3@nature.com,Male
Tina,Dean,tdeanp4@canalblog.com,Female
Victor,Garrett,vgarrettp5@google.es,Male
Kathryn,Stanley,kstanleyp6@mac.com,Female
Michael,Hunter,mhunterp7@hubpages.com,Male
Walter,Ortiz,wortizp8@ebay.com,Male
Jerry,Oliver,joliverp9@symantec.com,Male
Wanda,Hill,whillpa@barnesandnoble.com,Female
Jane,Ellis,jellispb@hugedomains.com,Female
Kelly,Bishop,kbishoppc@networksolutions.com,Female
Dorothy,Garcia,dgarciapd@ebay.co.uk,Female
Kathryn,Moreno,kmorenope@privacy.gov.au,Female
Marie,Garza,mgarzapf@de.vu,Female
Larry,Sanders,lsanderspg@pbs.org,Male
Randy,Stanley,rstanleyph@dedecms.com,Male
Raymond,Alvarez,ralvarezpi@theguardian.com,Male
Raymond,Garcia,rgarciapj@ezinearticles.com,Male
Sara,West,swestpk@netvibes.com,Female
Antonio,Adams,aadamspl@bandcamp.com,Male
Kenneth,Alexander,kalexanderpm@com.com,Male
Ryan,Elliott,relliottpn@live.com,Male
Brandon,Shaw,bshawpo@msn.com,Male
Steven,Williams,swilliamspp@imgur.com,Male
Rebecca,Wood,rwoodpq@qq.com,Female
Johnny,Lee,jleepr@mozilla.org,Male
Jeremy,Montgomery,jmontgomeryps@europa.eu,Male
Linda,Phillips,lphillipspt@yolasite.com,Female
Scott,Hart,shartpu@blogger.com,Male
Harry,Schmidt,hschmidtpv@pagesperso-orange.fr,Male
Robert,Hughes,rhughespw@google.de,Male
Kenneth,Brooks,kbrookspx@google.co.jp,Male
Amanda,Bowman,abowmanpy@ucoz.com,Female
Frances,Cunningham,fcunninghampz@lulu.com,Female
Brandon,Dunn,bdunnq0@sun.com,Male
Amanda,Cunningham,acunninghamq1@wired.com,Female
Andrew,Cook,acookq2@oaic.gov.au,Male
Karen,Morris,kmorrisq3@google.es,Female
Victor,Bailey,vbaileyq4@feedburner.com,Male
Walter,Vasquez,wvasquezq5@hhs.gov,Male
Carolyn,Stephens,cstephensq6@delicious.com,Female
Louise,Davis,ldavisq7@uiuc.edu,Female
Albert,Daniels,adanielsq8@fastcompany.com,Male
Sean,Grant,sgrantq9@cbsnews.com,Male
Theresa,Harper,tharperqa@nationalgeographic.com,Female
Donald,Cunningham,dcunninghamqb@mlb.com,Male
Jerry,Romero,jromeroqc@4shared.com,Male
Ralph,Sims,rsimsqd@devhub.com,Male
Carolyn,Reid,creidqe@salon.com,Female
Joseph,Stone,jstoneqf@hugedomains.com,Male
Jose,Butler,jbutlerqg@goo.gl,Male
Barbara,Cunningham,bcunninghamqh@oaic.gov.au,Female
Marilyn,Harper,mharperqi@theguardian.com,Female
Jessica,Bowman,jbowmanqj@weebly.com,Female
Doris,West,dwestqk@usnews.com,Female
Brian,Jackson,bjacksonql@microsoft.com,Male
Frank,Jackson,fjacksonqm@bandcamp.com,Male
Ronald,Owens,rowensqn@hp.com,Male
Christine,Arnold,carnoldqo@stanford.edu,Female
Nancy,Cole,ncoleqp@bizjournals.com,Female
Willie,Rivera,wriveraqq@google.de,Male
Amanda,Grant,agrantqr@simplemachines.org,Female
Gregory,Ramirez,gramirezqs@vk.com,Male
Joe,Stanley,jstanleyqt@huffingtonpost.com,Male
Carl,Snyder,csnyderqu@addthis.com,Male
Carlos,Lawson,clawsonqv@huffingtonpost.com,Male
Janet,Wagner,jwagnerqw@zdnet.com,Female
Benjamin,Willis,bwillisqx@yellowbook.com,Male
Russell,Cook,rcookqy@nyu.edu,Male
Lisa,Ruiz,lruizqz@histats.com,Female
Robert,Marshall,rmarshallr0@phpbb.com,Male
Christopher,Mcdonald,cmcdonaldr1@list-manage.com,Male
Gregory,Stevens,gstevensr2@reference.com,Male
Ralph,Bradley,rbradleyr3@typepad.com,Male
Peter,Patterson,ppattersonr4@gizmodo.com,Male
Brian,Martin,bmartinr5@com.com,Male
Todd,Simmons,tsimmonsr6@homestead.com,Male
Sara,Garza,sgarzar7@china.com.cn,Female
Debra,Rogers,drogersr8@t.co,Female
Walter,Kim,wkimr9@auda.org.au,Male
Evelyn,Nelson,enelsonra@engadget.com,Female
Kevin,Burton,kburtonrb@simplemachines.org,Male
Julia,Alvarez,jalvarezrc@histats.com,Female
Douglas,Richards,drichardsrd@hc360.com,Male
Jesse,Harvey,jharveyre@mozilla.com,Male
Harold,Martin,hmartinrf@yellowpages.com,Male
John,Elliott,jelliottrg@woothemes.com,Male
Peter,Rose,proserh@yahoo.co.jp,Male
Angela,Howell,ahowellri@abc.net.au,Female
Donald,Cole,dcolerj@jalbum.net,Male
Richard,Flores,rfloresrk@nba.com,Male
Frank,Carroll,fcarrollrl@patch.com,Male
Janet,Sullivan,jsullivanrm@fema.gov,Female
Julie,Washington,jwashingtonrn@artisteer.com,Female
Donald,Ward,dwardro@vimeo.com,Male
Carl,Carr,ccarrrp@nature.com,Male
Jean,Payne,jpaynerq@harvard.edu,Female
Aaron,Frazier,afrazierrr@ycombinator.com,Male
