Juan,Kim,jkim0@rakuten.co.jp,Male
Wanda,George,wgeorge1@apache.org,Female
Thomas,Wagner,twagner2@chicagotribune.com,Male
Janice,Lawrence,jlawrence3@chronoengine.com,Female
Carolyn,Lewis,clewis4@phpbb.com,Female
Laura,Day,lday5@marketwatch.com,Female
Irene,Chavez,ichavez6@google.co.uk,Female
Judy,Diaz,jdiaz7@oakley.com,Female
John,Crawford,jcrawford8@paginegialle.it,Male
Paula,Ellis,pellis9@msn.com,Female
Cynthia,Hunter,chuntera@nsw.gov.au,Female
Timothy,Butler,tbutlerb@utexas.edu,Male
Shirley,Schmidt,sschmidtc@examiner.com,Female
Joe,Bishop,jbishopd@sina.com.cn,Male
Lillian,Wallace,lwallacee@ebay.co.uk,Female
Kathryn,Andrews,kandrewsf@squidoo.com,Female
Matthew,Washington,mwashingtong@telegraph.co.uk,Male
Steven,Turner,sturnerh@nasa.gov,Male
David,Moreno,dmorenoi@squidoo.com,Male
Kelly,Ruiz,kruizj@independent.co.uk,Female
Theresa,Robertson,trobertsonk@wufoo.com,Female
Willie,Simpson,wsimpsonl@msu.edu,Male
Clarence,Reid,creidm@hostgator.com,Male
William,Ward,wwardn@springer.com,Male
Harry,Ramos,hramoso@tmall.com,Male
Christina,Lynch,clynchp@ameblo.jp,Female
Walter,Fuller,wfullerq@wufoo.com,Male
Margaret,Gonzales,mgonzalesr@google.nl,Female
Ronald,Lane,rlanes@huffingtonpost.com,Male
Eugene,Romero,eromerot@odnoklassniki.ru,Male
Sarah,Jordan,sjordanu@seattletimes.com,Female
Patricia,Sullivan,psullivanv@umich.edu,Female
Philip,Martin,pmartinw@marriott.com,Male
Louise,Ramos,lramosx@quantcast.com,Female
Brandon,Nichols,bnicholsy@google.com.br,Male
Helen,Bryant,hbryantz@ustream.tv,Female
Irene,Chapman,ichapman10@redcross.org,Female
Jacqueline,Greene,jgreene11@acquirethisname.com,Female
Robert,Snyder,rsnyder12@newyorker.com,Male
Anna,Jordan,ajordan13@tripod.com,Female
Adam,Armstrong,aarmstrong14@amazonaws.com,Male
Patricia,Bradley,pbradley15@themeforest.net,Female
Kathleen,Dunn,kdunn16@yandex.ru,Female
Walter,Evans,wevans17@ucsd.edu,Male
Margaret,Diaz,mdiaz18@state.tx.us,Female
Emily,Armstrong,earmstrong19@nasa.gov,Female
Carlos,Fox,cfox1a@mlb.com,Male
Alice,Wagner,awagner1b@ft.com,Female
Janice,Ferguson,jferguson1c@dailymail.co.uk,Female
Ryan,Reynolds,rreynolds1d@amazon.com,Male
Wanda,West,wwest1e@ebay.com,Female
Ronald,Evans,revans1f@ask.com,Male
Kenneth,Kennedy,kkennedy1g@51.la,Male
Samuel,Simmons,ssimmons1h@bloglovin.com,Male
Anna,Martin,amartin1i@live.com,Female
Nancy,Turner,nturner1j@sfgate.com,Female
Victor,Reid,vreid1k@lycos.com,Male
Patrick,Ford,pford1l@jugem.jp,Male
Alice,Green,agreen1m@myspace.com,Female
Wayne,Cunningham,wcunningham1n@vinaora.com,Male
Louis,Gomez,lgomez1o@ucoz.ru,Male
Michael,Gilbert,mgilbert1p@woothemes.com,Male
Amanda,Moore,amoore1q@indiatimes.com,Female
Patricia,Perez,pperez1r@nytimes.com,Female
Steven,Schmidt,sschmidt1s@stanford.edu,Male
Aaron,Gomez,agomez1t@list-manage.com,Male
Walter,Hunt,whunt1u@diigo.com,Male
Anna,Mcdonald,amcdonald1v@google.ru,Female
Amy,Perry,aperry1w@census.gov,Female
Betty,Berry,bberry1x@gravatar.com,Female
Virginia,Fuller,vfuller1y@prlog.org,Female
Antonio,Stevens,astevens1z@purevolume.com,Male
Gregory,Wells,gwells20@weather.com,Male
Joan,Sanders,jsanders21@xinhuanet.com,Female
Steven,Thomas,sthomas22@who.int,Male
Phyllis,Bradley,pbradley23@theglobeandmail.com,Female
Billy,Franklin,bfranklin24@qq.com,Male
Stephanie,Fisher,sfisher25@cbsnews.com,Female
Susan,Kelly,skelly26@networkadvertising.org,Female
Roger,Austin,raustin27@alexa.com,Male
Andrew,Peterson,apeterson28@pagesperso-orange.fr,Male
Sean,James,sjames29@is.gd,Male
Jeremy,Tucker,jtucker2a@ebay.com,Male
Christina,Dean,cdean2b@unblog.fr,Female
Jose,Hughes,jhughes2c@dagondesign.com,Male
Ann,Schmidt,aschmidt2d@shop-pro.jp,Female
Theresa,Robertson,trobertson2e@alexa.com,Female
Betty,Stevens,bstevens2f@dmoz.org,Female
Amy,Sims,asims2g@macromedia.com,Female
Carolyn,Barnes,cbarnes2h@reference.com,Female
Teresa,Davis,tdavis2i@quantcast.com,Female
Benjamin,Payne,bpayne2j@simplemachines.org,Male
Howard,Carr,hcarr2k@bizjournals.com,Male
Johnny,Green,jgreen2l@intel.com,Male
Tina,Webb,twebb2m@microsoft.com,Female
Kathryn,Garrett,kgarrett2n@blogs.com,Female
Keith,Riley,kriley2o@nature.com,Male
Carolyn,Mason,cmason2p@nhs.uk,Female
Eric,Mcdonald,emcdonald2q@webeden.co.uk,Male
Sara,Powell,spowell2r@lycos.com,Female
