Kathleen,Sanders,ksanders0@instagram.com,Female
Shirley,Mitchell,smitchell1@youku.com,Female
Janet,Fields,jfields2@theglobeandmail.com,Female
Walter,Greene,wgreene3@flavors.me,Male
Wayne,Cole,wcole4@t.co,Male
Kathy,Ford,kford5@dedecms.com,Female
Willie,Powell,wpowell6@squidoo.com,Male
Sharon,Duncan,sduncan7@amazonaws.com,Female
Patricia,Robinson,probinson8@opensource.org,Female
Phyllis,King,pking9@devhub.com,Female
Cynthia,Reyes,creyesa@mac.com,Female
Jonathan,Anderson,jandersonb@howstuffworks.com,Male
Catherine,Daniels,cdanielsc@desdev.cn,Female
Nancy,Kelley,nkelleyd@jalbum.net,Female
Robert,Fields,rfieldse@yolasite.com,Male
Jane,Allen,jallenf@blogtalkradio.com,Female
Michelle,Peterson,mpetersong@pcworld.com,Female
Christina,Wheeler,cwheelerh@ocn.ne.jp,Female
Steven,Warren,swarreni@photobucket.com,Male
Joe,Cruz,jcruzj@technorati.com,Male
Ruby,Sanchez,rsanchezk@cocolog-nifty.com,Female
Randy,Ortiz,rortizl@sbwire.com,Male
Phillip,King,pkingm@fda.gov,Male
Gregory,Cruz,gcruzn@imdb.com,Male
Margaret,Morris,mmorriso@oracle.com,Female
Brenda,Smith,bsmithp@comcast.net,Female
Brian,Roberts,brobertsq@creativecommons.org,Male
Sandra,Stevens,sstevensr@free.fr,Female
Wayne,Owens,wowenss@about.com,Male
Janice,Knight,jknightt@blog.com,Female
Jack,Dixon,jdixonu@ca.gov,Male
Patrick,Moreno,pmorenov@answers.com,Male
Lawrence,Patterson,lpattersonw@dot.gov,Male
Deborah,Moreno,dmorenox@soup.io,Female
Joshua,Fuller,jfullery@wisc.edu,Male
Paul,Baker,pbakerz@pen.io,Male
Todd,Fowler,tfowler10@arstechnica.com,Male
Jeffrey,Dunn,jdunn11@redcross.org,Male
Sarah,Smith,ssmith12@umich.edu,Female
Matthew,Stone,mstone13@vimeo.com,Male
Robin,Jackson,rjackson14@omniture.com,Female
Maria,Harris,mharris15@arizona.edu,Female
Joseph,Fisher,jfisher16@networkadvertising.org,Male
Theresa,Harrison,tharrison17@ucsd.edu,Female
Jose,Sims,jsims18@sogou.com,Male
Sharon,Ray,sray19@businesswire.com,Female
John,Allen,jallen1a@smh.com.au,Male
Kathy,Perez,kperez1b@reuters.com,Female
Karen,Mitchell,kmitchell1c@unesco.org,Female
Eugene,Sanchez,esanchez1d@moonfruit.com,Male
Carolyn,Collins,ccollins1e@vinaora.com,Female
Melissa,Mcdonald,mmcdonald1f@woothemes.com,Female
Bobby,Meyer,bmeyer1g@theglobeandmail.com,Male
Joan,Henry,jhenry1h@netscape.com,Female
Willie,Griffin,wgriffin1i@vkontakte.ru,Male
Joan,Barnes,jbarnes1j@answers.com,Female
Phyllis,Bryant,pbryant1k@rambler.ru,Female
Harold,Edwards,hedwards1l@ehow.com,Male
Jack,Carpenter,jcarpenter1m@uiuc.edu,Male
Jeremy,Parker,jparker1n@lulu.com,Male
Antonio,Weaver,aweaver1o@symantec.com,Male
Carl,Freeman,cfreeman1p@cmu.edu,Male
Mary,Smith,msmith1q@princeton.edu,Female
Matthew,Carroll,mcarroll1r@trellian.com,Male
Judy,Stewart,jstewart1s@usa.gov,Female
Scott,Adams,sadams1t@bandcamp.com,Male
Brenda,Coleman,bcoleman1u@paypal.com,Female
Benjamin,Lawrence,blawrence1v@123-reg.co.uk,Male
Steve,Ortiz,sortiz1w@blinklist.com,Male
Larry,Oliver,loliver1x@nytimes.com,Male
Christine,Foster,cfoster1y@barnesandnoble.com,Female
Gary,Powell,gpowell1z@fc2.com,Male
Gloria,Little,glittle20@psu.edu,Female
Todd,Montgomery,tmontgomery21@redcross.org,Male
Paul,Brown,pbrown22@cbsnews.com,Male
Catherine,Price,cprice23@ihg.com,Female
William,Garza,wgarza24@answers.com,Male
Doris,Garza,dgarza25@google.fr,Female
Shawn,Simpson,ssimpson26@deliciousdays.com,Male
Clarence,Morrison,cmorrison27@apache.org,Male
Alan,West,awest28@elpais.com,Male
Christopher,Miller,cmiller29@mit.edu,Male
Ronald,Payne,rpayne2a@pinterest.com,Male
Roy,Phillips,rphillips2b@twitter.com,Male
Timothy,George,tgeorge2c@google.es,Male
Catherine,Reynolds,creynolds2d@europa.eu,Female
Shirley,Austin,saustin2e@homestead.com,Female
Ronald,Richardson,rrichardson2f@dedecms.com,Male
Kimberly,Diaz,kdiaz2g@booking.com,Female
Alice,Bell,abell2h@auda.org.au,Female
Jonathan,Murray,jmurray2i@craigslist.org,Male
Andrea,Nelson,anelson2j@boston.com,Female
Heather,Adams,hadams2k@ovh.net,Female
Steve,Mason,smason2l@miitbeian.gov.cn,Male
Willie,Hunt,whunt2m@google.com,Male
Matthew,Green,mgreen2n@jimdo.com,Male
Raymond,Young,ryoung2o@exblog.jp,Male
Jimmy,Henry,jhenry2p@dot.gov,Male
Peter,Hall,phall2q@wsj.com,Male
Stephanie,Rivera,srivera2r@cisco.com,Female
